{"nm":"Candle_Fire","ddd":0,"h":800,"w":600,"meta":{"a":"Alexander Stets","g":"LottieFiles AE 0.1.20"},"layers":[{"ty":4,"nm":"Fire 4","sr":1,"st":0,"op":103,"ip":0,"hd":false,"ddd":0,"bm":0,"hasMask":false,"ao":0,"ks":{"a":{"a":0,"k":[47.122,254.344,0],"ix":1},"s":{"a":0,"k":[103.458,103.458,100],"ix":6},"sk":{"a":0,"k":0},"p":{"a":0,"k":[47.233,258.893,0],"ix":2},"r":{"a":0,"k":0,"ix":10},"sa":{"a":0,"k":0},"o":{"a":0,"k":100,"ix":11}},"ef":[{"ty":29,"mn":"ADBE Gaussian Blur 2","nm":"Gaussian Blur","ix":1,"en":1,"ef":[{"ty":0,"mn":"ADBE Gaussian Blur 2-0001","nm":"Blurriness","ix":1,"v":{"a":0,"k":4,"ix":1}},{"ty":7,"mn":"ADBE Gaussian Blur 2-0002","nm":"Blur Dimensions","ix":2,"v":{"a":0,"k":2,"ix":2}},{"ty":7,"mn":"ADBE Gaussian Blur 2-0003","nm":"Repeat Edge Pixels","ix":3,"v":{"a":0,"k":0,"ix":3}}]},{"ty":29,"mn":"ADBE Gaussian Blur 2","nm":"Gaussian Blur 2","ix":2,"en":1,"ef":[{"ty":0,"mn":"ADBE Gaussian Blur 2-0001","nm":"Blurriness","ix":1,"v":{"a":0,"k":14,"ix":1}},{"ty":7,"mn":"ADBE Gaussian Blur 2-0002","nm":"Blur Dimensions","ix":2,"v":{"a":0,"k":3,"ix":2}},{"ty":7,"mn":"ADBE Gaussian Blur 2-0003","nm":"Repeat Edge Pixels","ix":3,"v":{"a":0,"k":0,"ix":3}}]}],"shapes":[{"ty":"gr","bm":0,"hd":false,"mn":"ADBE Vector Group","nm":"Group 1","ix":1,"cix":2,"np":2,"it":[{"ty":"gr","bm":0,"hd":false,"mn":"ADBE Vector Group","nm":"Group 1","ix":1,"cix":2,"np":1,"it":[{"ty":"sh","bm":0,"hd":false,"mn":"ADBE Vector Shape - Group","nm":"Path 5","ix":1,"d":1,"ks":{"a":0,"k":{"c":true,"i":[[0.919,0.129],[0.882,-0.231],[3.049,-2.476],[1.671,3.842],[0.14,5.732],[-5.023,21.016],[-7.89,-17.647],[-0.346,-17.545],[1.403,-9.612],[3.388,-0.563]],"o":[[-0.915,-0.128],[-4.413,1.153],[-3.438,2.794],[-2.367,-5.452],[-0.523,-21.461],[1.751,-7.326],[7.223,16.156],[0.191,9.709],[-0.494,3.398],[-0.906,0.15]],"v":[[6.027,41.982],[3.319,41.98],[-4.321,51.596],[-13.898,47.628],[-15.686,30.863],[-9.351,-31.932],[5.977,-46.502],[15.736,4.977],[13.955,34.033],[8.777,42.11]]},"ix":2}},{"ty":"tr","a":{"a":0,"k":[0,0],"ix":1},"s":{"a":0,"k":[100,100],"ix":3},"sk":{"a":0,"k":0,"ix":4},"p":{"a":0,"k":[0,0],"ix":2},"r":{"a":0,"k":0,"ix":6},"sa":{"a":0,"k":0,"ix":5},"o":{"a":0,"k":100,"ix":7}}]},{"ty":"gf","bm":0,"hd":false,"mn":"ADBE Vector Graphic - G-Fill","nm":"Gradient Fill 1","e":{"a":0,"k":[0.5,-50.5],"ix":6},"g":{"p":3,"k":{"a":0,"k":[0.002,0.06666666666666667,0.9215686274509803,0.8745098039215686,0.478,0.5372549019607843,1,0.7137254901960784,0.998,1,1,1,0.002,0.21,0.478,0.61,0.998,1],"ix":9}},"t":1,"a":{"a":0,"k":0},"h":{"a":0,"k":0},"s":{"a":0,"k":[0.5,54.75],"ix":5},"r":1,"o":{"a":0,"k":100,"ix":10}},{"ty":"tr","a":{"a":0,"k":[0,0],"ix":1},"s":{"a":0,"k":[100,100],"ix":3},"sk":{"a":0,"k":0,"ix":4},"p":{"a":0,"k":[47.122,201.64],"ix":2},"r":{"a":0,"k":0,"ix":6},"sa":{"a":0,"k":0,"ix":5},"o":{"a":0,"k":100,"ix":7}}]},{"ty":"gs","bm":0,"hd":false,"mn":"ADBE Vector Graphic - G-Stroke","nm":"Gradient Stroke 1","e":{"a":0,"k":[17,119],"ix":5},"g":{"p":3,"k":{"a":0,"k":[0,1,1,1,0.5,1,1,1,1,1,1,1,0,1,0.5,0.6,1,0.2],"ix":8}},"t":1,"a":{"a":0,"k":0},"h":{"a":0,"k":0},"s":{"a":0,"k":[12,-15],"ix":4},"lc":1,"lj":1,"ml":4,"o":{"a":0,"k":100,"ix":9},"w":{"a":0,"k":0.2,"ix":10}}],"ind":1,"parent":2},{"ty":4,"nm":"Fire 3","sr":1,"st":0,"op":103,"ip":0,"hd":false,"ddd":0,"bm":0,"hasMask":false,"ao":0,"ks":{"a":{"a":0,"k":[51.265,234.817,0],"ix":1},"s":{"a":0,"k":[100.503,99.632,100],"ix":6},"sk":{"a":0,"k":0},"p":{"a":0,"k":[51.896,232.027,0],"ix":2},"r":{"a":0,"k":0,"ix":10},"sa":{"a":0,"k":0},"o":{"a":0,"k":100,"ix":11}},"ef":[{"ty":29,"mn":"ADBE Gaussian Blur 2","nm":"Gaussian Blur","ix":1,"en":1,"ef":[{"ty":0,"mn":"ADBE Gaussian Blur 2-0001","nm":"Blurriness","ix":1,"v":{"a":0,"k":25,"ix":1}},{"ty":7,"mn":"ADBE Gaussian Blur 2-0002","nm":"Blur Dimensions","ix":2,"v":{"a":0,"k":3,"ix":2}},{"ty":7,"mn":"ADBE Gaussian Blur 2-0003","nm":"Repeat Edge Pixels","ix":3,"v":{"a":0,"k":0,"ix":3}}]},{"ty":29,"mn":"ADBE Gaussian Blur 2","nm":"Gaussian Blur 2","ix":2,"en":1,"ef":[{"ty":0,"mn":"ADBE Gaussian Blur 2-0001","nm":"Blurriness","ix":1,"v":{"a":0,"k":4,"ix":1}},{"ty":7,"mn":"ADBE Gaussian Blur 2-0002","nm":"Blur Dimensions","ix":2,"v":{"a":0,"k":2,"ix":2}},{"ty":7,"mn":"ADBE Gaussian Blur 2-0003","nm":"Repeat Edge Pixels","ix":3,"v":{"a":0,"k":0,"ix":3}}]}],"shapes":[{"ty":"gr","bm":0,"hd":false,"mn":"ADBE Vector Group","nm":"Group 20","ix":1,"cix":2,"np":2,"it":[{"ty":"gr","bm":0,"hd":false,"mn":"ADBE Vector Group","nm":"Group 1","ix":1,"cix":2,"np":1,"it":[{"ty":"sh","bm":0,"hd":false,"mn":"ADBE Vector Shape - Group","nm":"Path 5","ix":1,"d":1,"ks":{"a":1,"k":[{"o":{"x":0.333,"y":0},"i":{"x":0.833,"y":1},"s":[{"c":true,"i":[[2.287,0.311],[2.193,-0.537],[7.552,-5.824],[5.301,8.484],[0.692,14.649],[-11.042,47.487],[-20.879,-53.356],[-2.086,-64.766],[6.006,-23.487],[8.41,-1.298]],"o":[[-2.274,-0.309],[-10.952,2.688],[-8.518,6.566],[-6.171,-9.877],[-2.906,-61.47],[4.034,-17.348],[12.814,32.747],[0.739,22.928],[-2.009,7.859],[-2.248,0.346]],"v":[[14.864,101.601],[8.135,101.571],[-8.7,122.485],[-36.509,117.925],[-48.265,67.675],[-32.407,-82.213],[15.615,-136.156],[45.879,8.901],[40.568,79.745],[18.253,102.37]]}],"t":0},{"o":{"x":0.333,"y":0},"i":{"x":0.833,"y":1},"s":[{"c":true,"i":[[2.287,0.311],[2.193,-0.537],[7.552,-5.824],[5.301,8.484],[0.692,14.649],[-11.042,47.487],[-20.879,-53.356],[-2.086,-64.766],[6.006,-23.487],[8.41,-1.298]],"o":[[-2.274,-0.309],[-10.952,2.688],[-8.518,6.566],[-6.171,-9.877],[-2.906,-61.47],[4.034,-17.348],[12.814,32.747],[0.739,22.928],[-2.009,7.859],[-2.248,0.346]],"v":[[14.864,101.601],[8.135,101.571],[-8.7,122.485],[-36.509,117.925],[-48.265,67.675],[-32.407,-82.213],[15.615,-136.156],[45.879,8.901],[40.568,79.745],[18.253,102.37]]}],"t":11},{"o":{"x":0.333,"y":0},"i":{"x":0.667,"y":1},"s":[{"c":true,"i":[[2.287,0.311],[2.193,-0.537],[7.552,-5.824],[5.301,8.484],[0.692,14.649],[-10.566,47.595],[-26.854,-50.613],[-2.086,-64.766],[6.006,-23.487],[8.41,-1.298]],"o":[[-2.274,-0.309],[-10.952,2.688],[-8.518,6.566],[-6.171,-9.877],[-2.906,-61.47],[5.673,-25.555],[17.936,33.804],[0.739,22.928],[-2.009,7.859],[-2.248,0.346]],"v":[[14.864,101.601],[8.135,101.571],[-8.7,122.485],[-36.509,117.925],[-48.265,67.675],[-32.407,-82.213],[4.641,-136.156],[45.879,8.901],[40.568,79.745],[18.253,102.37]]}],"t":27},{"o":{"x":0.333,"y":0},"i":{"x":0.667,"y":1},"s":[{"c":true,"i":[[2.287,0.311],[2.193,-0.537],[7.552,-5.824],[5.301,8.484],[0.692,14.649],[-11.042,47.487],[-20.879,-53.356],[-2.086,-64.766],[6.006,-23.487],[8.41,-1.298]],"o":[[-2.274,-0.309],[-10.952,2.688],[-8.518,6.566],[-6.171,-9.877],[-2.906,-61.47],[4.034,-17.348],[12.814,32.747],[0.739,22.928],[-2.009,7.859],[-2.248,0.346]],"v":[[14.864,101.601],[8.135,101.571],[-8.7,122.485],[-36.509,117.925],[-48.265,67.675],[-32.407,-82.213],[15.615,-136.156],[45.879,8.901],[40.568,79.745],[18.253,102.37]]}],"t":43},{"o":{"x":0.333,"y":0},"i":{"x":0.667,"y":1},"s":[{"c":true,"i":[[2.287,0.311],[2.193,-0.537],[7.552,-5.824],[5.301,8.484],[0.692,14.649],[-11.042,47.487],[-20.879,-53.356],[-2.086,-64.766],[6.006,-23.487],[8.41,-1.298]],"o":[[-2.274,-0.309],[-10.952,2.688],[-8.518,6.566],[-6.171,-9.877],[-2.906,-61.47],[4.034,-17.348],[12.814,32.747],[0.739,22.928],[-2.009,7.859],[-2.248,0.346]],"v":[[14.864,101.601],[8.135,101.571],[-8.7,122.485],[-36.509,117.925],[-48.265,67.675],[-30.213,-82.213],[22.929,-136.156],[45.879,8.901],[40.568,79.745],[18.253,102.37]]}],"t":54},{"o":{"x":0.333,"y":0},"i":{"x":0.667,"y":1},"s":[{"c":true,"i":[[2.287,0.311],[2.193,-0.537],[7.552,-5.824],[5.301,8.484],[0.692,14.649],[-11.042,47.487],[-20.879,-53.356],[-2.086,-64.766],[6.006,-23.487],[8.41,-1.298]],"o":[[-2.274,-0.309],[-10.952,2.688],[-8.518,6.566],[-6.171,-9.877],[-2.906,-61.47],[4.034,-17.348],[12.814,32.747],[0.739,22.928],[-2.009,7.859],[-2.248,0.346]],"v":[[14.864,101.601],[8.135,101.571],[-8.7,122.485],[-36.509,117.925],[-48.265,67.675],[-32.407,-82.213],[15.615,-136.156],[45.879,8.901],[40.568,79.745],[18.253,102.37]]}],"t":64},{"o":{"x":0.333,"y":0},"i":{"x":0.833,"y":1},"s":[{"c":true,"i":[[2.287,0.311],[2.193,-0.537],[7.552,-5.824],[5.301,8.484],[0.692,14.649],[-11.042,47.487],[-20.879,-53.356],[-2.086,-64.766],[6.006,-23.487],[8.41,-1.298]],"o":[[-2.274,-0.309],[-10.952,2.688],[-8.518,6.566],[-6.171,-9.877],[-2.906,-61.47],[4.034,-17.348],[12.814,32.747],[0.739,22.928],[-2.009,7.859],[-2.248,0.346]],"v":[[14.864,101.601],[8.135,101.571],[-8.7,122.485],[-36.509,117.925],[-48.265,67.675],[-32.407,-82.213],[15.615,-136.156],[45.879,8.901],[40.568,79.745],[18.253,102.37]]}],"t":74},{"o":{"x":0.333,"y":0},"i":{"x":0.833,"y":1},"s":[{"c":true,"i":[[2.287,0.311],[2.193,-0.537],[7.552,-5.824],[5.301,8.484],[0.692,14.649],[-10.728,47.559],[-26.854,-50.613],[-2.086,-64.766],[6.006,-23.487],[8.41,-1.298]],"o":[[-2.274,-0.309],[-10.952,2.688],[-8.518,6.566],[-6.171,-9.877],[-2.906,-61.47],[8.445,-37.436],[17.936,33.804],[0.739,22.928],[-2.009,7.859],[-2.248,0.346]],"v":[[14.864,101.601],[8.135,101.571],[-8.7,122.485],[-36.509,117.925],[-48.265,67.675],[-33.237,-85.001],[4.641,-136.156],[45.879,8.901],[40.568,79.745],[18.253,102.37]]}],"t":90},{"s":[{"c":true,"i":[[2.287,0.311],[2.193,-0.537],[7.552,-5.824],[5.301,8.484],[0.692,14.649],[-11.042,47.487],[-20.879,-53.356],[-2.086,-64.766],[6.006,-23.487],[8.41,-1.298]],"o":[[-2.274,-0.309],[-10.952,2.688],[-8.518,6.566],[-6.171,-9.877],[-2.906,-61.47],[4.034,-17.348],[12.814,32.747],[0.739,22.928],[-2.009,7.859],[-2.248,0.346]],"v":[[14.864,101.601],[8.135,101.571],[-8.7,122.485],[-36.509,117.925],[-48.265,67.675],[-32.407,-82.213],[15.615,-136.156],[45.879,8.901],[40.568,79.745],[18.253,102.37]]}],"t":102}],"ix":2}},{"ty":"tr","a":{"a":0,"k":[0,0],"ix":1},"s":{"a":0,"k":[100,100],"ix":3},"sk":{"a":0,"k":0,"ix":4},"p":{"a":0,"k":[0,0],"ix":2},"r":{"a":0,"k":0,"ix":6},"sa":{"a":0,"k":0,"ix":5},"o":{"a":0,"k":100,"ix":7}}]},{"ty":"gf","bm":0,"hd":false,"mn":"ADBE Vector Graphic - G-Fill","nm":"Gradient Fill 1","e":{"a":0,"k":[0.75,-124.25],"ix":6},"g":{"p":3,"k":{"a":0,"k":[0.002,0.054901960784313725,0.6588235294117647,1,0.402,0.7254901960784313,1,0.6862745098039216,0.998,0.38823529411764707,0.7568627450980392,0.6588235294117647,0.002,0.1,0.402,0.55,0.998,1],"ix":9}},"t":1,"a":{"a":0,"k":0},"h":{"a":0,"k":0},"s":{"a":0,"k":[-0.75,125.75],"ix":5},"r":1,"o":{"a":0,"k":100,"ix":10}},{"ty":"tr","a":{"a":0,"k":[0,0],"ix":1},"s":{"a":0,"k":[100,100],"ix":3},"sk":{"a":0,"k":0,"ix":4},"p":{"a":0,"k":[49.694,160.42],"ix":2},"r":{"a":0,"k":0,"ix":6},"sa":{"a":0,"k":0,"ix":5},"o":{"a":0,"k":100,"ix":7}}]},{"ty":"gs","bm":0,"hd":false,"mn":"ADBE Vector Graphic - G-Stroke","nm":"Gradient Stroke 1","e":{"a":0,"k":[334,0],"ix":5},"g":{"p":3,"k":{"a":0,"k":[0,0.5019607843137255,0.9450980392156862,0.3254901960784314,0.082,0.615686274509804,1,0.7843137254901961,1,0.4470588235294118,0.3254901960784314,0.16862745098039217,0,1,0.082,0.5,1,0],"ix":8}},"t":1,"a":{"a":0,"k":0},"h":{"a":0,"k":0},"s":{"a":0,"k":[73,0],"ix":4},"lc":1,"lj":1,"ml":4,"o":{"a":0,"k":100,"ix":9},"w":{"a":0,"k":2,"ix":10}}],"ind":2,"parent":3},{"ty":4,"nm":"Stroke","sr":1,"st":0,"op":103,"ip":0,"hd":false,"ddd":0,"bm":0,"hasMask":false,"ao":0,"ks":{"a":{"a":0,"k":[48.594,326.119,0],"ix":1},"s":{"a":1,"k":[{"o":{"x":0.167,"y":0.167},"i":{"x":0.833,"y":0.833},"s":[85,95,100],"t":0},{"o":{"x":0.167,"y":0.167},"i":{"x":0.833,"y":0.833},"s":[90,90,100],"t":11},{"o":{"x":0.167,"y":0.167},"i":{"x":0.833,"y":0.833},"s":[85,95,100],"t":27},{"o":{"x":0.167,"y":0.167},"i":{"x":0.833,"y":0.833},"s":[90,90,100],"t":43},{"o":{"x":0.9820000000000001,"y":0},"i":{"x":0.667,"y":1},"s":[85,95,100],"t":54},{"o":{"x":0.8779999999999999,"y":0},"i":{"x":0.5170000000000001,"y":1},"s":[87,94,100],"t":64},{"o":{"x":0.608,"y":0},"i":{"x":0.8430000000000001,"y":1},"s":[83,96,100],"t":69},{"o":{"x":0.167,"y":0.167},"i":{"x":0.833,"y":0.833},"s":[85,95,100],"t":74},{"o":{"x":0.167,"y":0.167},"i":{"x":0.833,"y":0.833},"s":[90,90,100],"t":90},{"s":[85,95,100],"t":102}],"ix":6},"sk":{"a":0,"k":0},"p":{"a":0,"k":[299.749,537.181,0],"ix":2},"r":{"a":0,"k":0,"ix":10},"sa":{"a":0,"k":0},"o":{"a":0,"k":25,"ix":11}},"ef":[{"ty":29,"mn":"ADBE Gaussian Blur 2","nm":"Gaussian Blur","ix":1,"en":1,"ef":[{"ty":0,"mn":"ADBE Gaussian Blur 2-0001","nm":"Blurriness","ix":1,"v":{"a":0,"k":5,"ix":1}},{"ty":7,"mn":"ADBE Gaussian Blur 2-0002","nm":"Blur Dimensions","ix":2,"v":{"a":0,"k":2,"ix":2}},{"ty":7,"mn":"ADBE Gaussian Blur 2-0003","nm":"Repeat Edge Pixels","ix":3,"v":{"a":0,"k":1,"ix":3}}]},{"ty":29,"mn":"ADBE Gaussian Blur 2","nm":"Gaussian Blur 2","ix":2,"en":1,"ef":[{"ty":0,"mn":"ADBE Gaussian Blur 2-0001","nm":"Blurriness","ix":1,"v":{"a":0,"k":50,"ix":1}},{"ty":7,"mn":"ADBE Gaussian Blur 2-0002","nm":"Blur Dimensions","ix":2,"v":{"a":0,"k":3,"ix":2}},{"ty":7,"mn":"ADBE Gaussian Blur 2-0003","nm":"Repeat Edge Pixels","ix":3,"v":{"a":0,"k":1,"ix":3}}]}],"shapes":[{"ty":"gr","bm":0,"hd":false,"mn":"ADBE Vector Group","nm":"Group 43","ix":1,"cix":2,"np":1,"it":[{"ty":"sh","bm":0,"hd":false,"mn":"ADBE Vector Shape - Group","nm":"Path 1","ix":1,"d":1,"ks":{"a":1,"k":[{"o":{"x":0.333,"y":0},"i":{"x":0.667,"y":1},"s":[{"c":true,"i":[[2.85,0.396],[2.733,-0.715],[9.44,-7.667],[5.167,11.894],[0.094,15.661],[-13.637,66.937],[-14.321,-31.683],[-3.018,-57.06],[4.339,-29.755],[10.486,-1.741]],"o":[[-2.831,-0.395],[-13.662,3.573],[-10.643,8.646],[-7.333,-16.876],[-0.44,-73.316],[4.6,-22.577],[23.498,51.985],[1.643,31.059],[-1.535,10.518],[-2.805,0.466]],"v":[[18.656,129.958],[10.273,129.95],[-13.376,159.722],[-40.961,146.384],[-50.03,90.796],[-27.771,-98.597],[13.796,-143.965],[48.421,14.872],[46.146,104.295],[27.173,130.352]]}],"t":0},{"o":{"x":0.333,"y":0},"i":{"x":0.833,"y":1},"s":[{"c":true,"i":[[2.85,0.396],[2.733,-0.715],[9.44,-7.667],[5.167,11.894],[0.094,15.661],[-13.637,66.937],[-14.321,-31.683],[-3.018,-57.06],[4.339,-29.755],[10.486,-1.741]],"o":[[-2.831,-0.395],[-13.662,3.573],[-10.643,8.646],[-7.333,-16.876],[-0.44,-73.316],[4.6,-22.577],[23.498,51.985],[1.643,31.059],[-1.535,10.518],[-2.805,0.466]],"v":[[18.656,129.958],[10.273,129.95],[-13.376,159.722],[-40.961,146.384],[-50.03,90.796],[-27.771,-98.597],[13.796,-143.965],[48.421,14.872],[46.146,104.295],[27.173,130.352]]}],"t":11},{"o":{"x":0.333,"y":0},"i":{"x":0.667,"y":1},"s":[{"c":true,"i":[[2.85,0.396],[2.733,-0.715],[9.44,-7.667],[5.167,11.894],[0.094,15.661],[-13.637,66.937],[-21.223,-27.54],[-3.018,-57.06],[4.339,-29.755],[10.486,-1.741]],"o":[[-2.831,-0.395],[-13.662,3.573],[-10.643,8.646],[-7.333,-16.876],[-0.44,-73.316],[4.6,-22.577],[33.179,43.054],[1.643,31.059],[-1.535,10.518],[-2.805,0.466]],"v":[[18.656,129.958],[10.273,129.95],[-13.376,159.722],[-40.961,146.384],[-50.03,90.796],[-27.771,-98.597],[2.767,-143.965],[48.421,14.872],[46.146,104.295],[27.173,130.352]]}],"t":27},{"o":{"x":0.333,"y":0},"i":{"x":0.667,"y":1},"s":[{"c":true,"i":[[2.85,0.396],[2.733,-0.715],[9.44,-7.667],[5.167,11.894],[0.094,15.661],[-13.637,66.937],[-14.321,-31.683],[-3.018,-57.06],[4.339,-29.755],[10.486,-1.741]],"o":[[-2.831,-0.395],[-13.662,3.573],[-10.643,8.646],[-7.333,-16.876],[-0.44,-73.316],[4.6,-22.577],[23.498,51.985],[1.643,31.059],[-1.535,10.518],[-2.805,0.466]],"v":[[18.656,129.958],[10.273,129.95],[-13.376,159.722],[-40.961,146.384],[-50.03,90.796],[-27.771,-98.597],[13.796,-143.965],[48.421,14.872],[46.146,104.295],[27.173,130.352]]}],"t":43},{"o":{"x":0.333,"y":0},"i":{"x":0.667,"y":1},"s":[{"c":true,"i":[[2.85,0.396],[2.733,-0.715],[9.44,-7.667],[5.167,11.894],[0.094,15.661],[-13.637,66.937],[-14.321,-31.683],[-3.018,-57.06],[4.339,-29.755],[10.486,-1.741]],"o":[[-2.831,-0.395],[-13.662,3.573],[-10.643,8.646],[-7.333,-16.876],[-0.44,-73.316],[4.6,-22.577],[23.498,51.985],[1.643,31.059],[-1.535,10.518],[-2.805,0.466]],"v":[[18.656,129.958],[10.273,129.95],[-13.376,159.722],[-40.961,146.384],[-50.03,90.796],[-25.566,-98.597],[21.147,-143.965],[48.421,14.872],[46.146,104.295],[27.173,130.352]]}],"t":54},{"o":{"x":0.333,"y":0},"i":{"x":0.667,"y":1},"s":[{"c":true,"i":[[2.85,0.396],[2.733,-0.715],[9.44,-7.667],[5.167,11.894],[0.094,15.661],[-13.637,66.937],[-14.321,-31.683],[-3.018,-57.06],[4.339,-29.755],[10.486,-1.741]],"o":[[-2.831,-0.395],[-13.662,3.573],[-10.643,8.646],[-7.333,-16.876],[-0.44,-73.316],[4.6,-22.577],[23.498,51.985],[1.643,31.059],[-1.535,10.518],[-2.805,0.466]],"v":[[18.656,129.958],[10.273,129.95],[-13.376,159.722],[-40.961,146.384],[-50.03,90.796],[-27.771,-98.597],[13.796,-143.965],[48.421,14.872],[46.146,104.295],[27.173,130.352]]}],"t":64},{"o":{"x":0.333,"y":0},"i":{"x":0.833,"y":1},"s":[{"c":true,"i":[[2.85,0.396],[2.733,-0.715],[9.44,-7.667],[5.167,11.894],[0.094,15.661],[-13.637,66.937],[-14.321,-31.683],[-3.018,-57.06],[4.339,-29.755],[10.486,-1.741]],"o":[[-2.831,-0.395],[-13.662,3.573],[-10.643,8.646],[-7.333,-16.876],[-0.44,-73.316],[4.6,-22.577],[23.498,51.985],[1.643,31.059],[-1.535,10.518],[-2.805,0.466]],"v":[[18.656,129.958],[10.273,129.95],[-13.376,159.722],[-40.961,146.384],[-50.03,90.796],[-27.771,-98.597],[13.796,-143.965],[48.421,14.872],[46.146,104.295],[27.173,130.352]]}],"t":74},{"o":{"x":0.333,"y":0},"i":{"x":0.667,"y":1},"s":[{"c":true,"i":[[2.85,0.396],[2.733,-0.715],[9.44,-7.667],[5.167,11.894],[0.094,15.661],[-13.637,66.937],[-21.223,-27.54],[-3.018,-57.06],[4.339,-29.755],[10.486,-1.741]],"o":[[-2.831,-0.395],[-13.662,3.573],[-10.643,8.646],[-7.333,-16.876],[-0.44,-73.316],[4.6,-22.577],[33.179,43.054],[1.643,31.059],[-1.535,10.518],[-2.805,0.466]],"v":[[18.656,129.958],[10.273,129.95],[-13.376,159.722],[-40.961,146.384],[-50.03,90.796],[-27.771,-98.597],[2.767,-143.965],[48.421,14.872],[46.146,104.295],[27.173,130.352]]}],"t":90},{"s":[{"c":true,"i":[[2.85,0.396],[2.733,-0.715],[9.44,-7.667],[5.167,11.894],[0.094,15.661],[-13.637,66.937],[-14.321,-31.683],[-3.018,-57.06],[4.339,-29.755],[10.486,-1.741]],"o":[[-2.831,-0.395],[-13.662,3.573],[-10.643,8.646],[-7.333,-16.876],[-0.44,-73.316],[4.6,-22.577],[23.498,51.985],[1.643,31.059],[-1.535,10.518],[-2.805,0.466]],"v":[[18.656,129.958],[10.273,129.95],[-13.376,159.722],[-40.961,146.384],[-50.03,90.796],[-27.771,-98.597],[13.796,-143.965],[48.421,14.872],[46.146,104.295],[27.173,130.352]]}],"t":102}],"ix":2}},{"ty":"tr","a":{"a":0,"k":[0,0],"ix":1},"s":{"a":0,"k":[100,100],"ix":3},"sk":{"a":0,"k":0,"ix":4},"p":{"a":0,"k":[48.826,163.155],"ix":2},"r":{"a":0,"k":0,"ix":6},"sa":{"a":0,"k":0,"ix":5},"o":{"a":0,"k":100,"ix":7}}]},{"ty":"gs","bm":0,"hd":false,"mn":"ADBE Vector Graphic - G-Stroke","nm":"Gradient Stroke 1","e":{"a":0,"k":[113,242],"ix":5},"g":{"p":3,"k":{"a":0,"k":[0,1,1,1,0.5,1,1,1,1,1,1,1,0,1,0.5,0.6,1,0.2],"ix":8}},"t":1,"a":{"a":0,"k":0},"h":{"a":0,"k":0},"s":{"a":0,"k":[59,17],"ix":4},"lc":1,"lj":1,"ml":4,"o":{"a":0,"k":100,"ix":9},"w":{"a":0,"k":10,"ix":10}}],"ind":3}],"v":"5.5.7","fr":30,"op":103,"ip":0,"assets":[]}