{"v":"4.8.0","meta":{"g":"LottieFiles AE 3.5.7","a":"","k":"","d":"","tc":""},"fr":24,"ip":0,"op":456,"w":512,"h":512,"nm":"Breathing duck refine","ddd":0,"assets":[],"layers":[{"ddd":0,"ind":1,"ty":4,"nm":"Eye Outlines","parent":5,"sr":1,"ks":{"o":{"a":0,"k":100,"ix":11},"r":{"a":0,"k":0,"ix":10},"p":{"a":1,"k":[{"i":{"x":0.667,"y":1},"o":{"x":0.333,"y":0},"t":0,"s":[256,123.528,0],"to":[0,0,0],"ti":[0,0,0]},{"i":{"x":0.667,"y":1},"o":{"x":0.333,"y":0},"t":96,"s":[256,79.526,0],"to":[0,0,0],"ti":[0,0,0]},{"i":{"x":0.77,"y":1},"o":{"x":0.534,"y":0},"t":264,"s":[256,87.928,0],"to":[0,0,0],"ti":[0,0,0]},{"i":{"x":0.667,"y":1},"o":{"x":0.333,"y":0},"t":408,"s":[256,143.087,0],"to":[0,0,0],"ti":[0,0,0]},{"t":455,"s":[256,123.528,0]}],"ix":2},"a":{"a":0,"k":[256,123.528,0],"ix":1},"s":{"a":1,"k":[{"i":{"x":[0.667,0.667,0.667],"y":[1,0.646,1]},"o":{"x":[0.333,0.333,0.333],"y":[0,0,0]},"t":0,"s":[100,100,100]},{"i":{"x":[0.667,0.667,0.667],"y":[1,1,1]},"o":{"x":[0.333,0.333,0.333],"y":[0,5.447,0]},"t":96,"s":[100,77.55,100]},{"i":{"x":[0.667,0.667,0.667],"y":[1,1,1]},"o":{"x":[0.333,0.333,0.333],"y":[0,0,0]},"t":264,"s":[100,75,100]},{"t":455,"s":[100,100,100]}],"ix":6}},"ao":0,"shapes":[{"ty":"gr","it":[{"ind":0,"ty":"sh","ix":1,"ks":{"a":1,"k":[{"i":{"x":0,"y":1},"o":{"x":0.333,"y":0},"t":0,"s":[{"i":[[0,-6.594],[7.548,0],[0,6.594],[-6.997,0]],"o":[[0,6.594],[-7.549,0],[0,-6.594],[6.997,0]],"v":[[10.995,0],[0,11.939],[-10.996,0],[0,-11.939]],"c":true}]},{"i":{"x":0.667,"y":1},"o":{"x":0.333,"y":0},"t":72,"s":[{"i":[[-0.106,-4.528],[7.548,0],[-0.196,6.591],[-6.997,0]],"o":[[0.155,6.592],[-7.549,0],[0.135,-4.528],[6.997,0]],"v":[[18,0.25],[0.001,11.939],[-18.991,0.25],[0.002,0.811]],"c":true}]},{"i":{"x":0.667,"y":1},"o":{"x":0.333,"y":0},"t":413,"s":[{"i":[[-0.106,-4.528],[7.548,0],[-0.196,6.591],[-6.997,0]],"o":[[0.155,6.592],[-7.549,0],[0.135,-4.528],[6.997,0]],"v":[[18,0.25],[0,11.939],[-18.991,0.25],[0.002,0.811]],"c":true}]},{"t":428,"s":[{"i":[[0,-6.594],[7.548,0],[0,6.594],[-6.997,0]],"o":[[0,6.594],[-7.549,0],[0,-6.594],[6.997,0]],"v":[[10.995,0],[0,11.939],[-10.996,0],[0,-11.939]],"c":true}]}],"ix":2},"nm":"Path 1","mn":"ADBE Vector Shape - Group","hd":false},{"ty":"fl","c":{"a":0,"k":[0,0,0,1],"ix":4},"o":{"a":0,"k":100,"ix":5},"r":1,"bm":0,"nm":"Fill 1","mn":"ADBE Vector Graphic - Fill","hd":false},{"ty":"tr","p":{"a":0,"k":[200.607,123.528],"ix":2},"a":{"a":0,"k":[0,0],"ix":1},"s":{"a":0,"k":[100,100],"ix":3},"r":{"a":0,"k":0,"ix":6},"o":{"a":0,"k":100,"ix":7},"sk":{"a":0,"k":0,"ix":4},"sa":{"a":0,"k":0,"ix":5},"nm":"Transform"}],"nm":"Group 1","np":2,"cix":2,"bm":0,"ix":1,"mn":"ADBE Vector Group","hd":false},{"ty":"gr","it":[{"ind":0,"ty":"sh","ix":1,"ks":{"a":1,"k":[{"i":{"x":0,"y":1},"o":{"x":0.333,"y":0},"t":0,"s":[{"i":[[0,-6.594],[7.548,0],[0,6.594],[-6.997,0]],"o":[[0,6.594],[-7.549,0],[0,-6.594],[6.997,0]],"v":[[10.996,0],[0,11.939],[-10.996,0],[0,-11.939]],"c":true}]},{"i":{"x":0.667,"y":1},"o":{"x":0.333,"y":0},"t":72,"s":[{"i":[[-0.143,-5.528],[7.548,0],[0.21,6.591],[-6.997,0]],"o":[[0.171,6.592],[-7.549,0],[-0.152,-4.778],[6.997,0]],"v":[[18,0.25],[0.001,11.939],[-18.991,0.25],[0.002,0.811]],"c":true}]},{"i":{"x":0.667,"y":1},"o":{"x":0.333,"y":0},"t":413,"s":[{"i":[[-0.143,-5.528],[7.548,0],[0.21,6.591],[-6.997,0]],"o":[[0.171,6.592],[-7.549,0],[-0.152,-4.778],[6.997,0]],"v":[[18,0.25],[0,11.939],[-18.991,0.25],[0.002,0.811]],"c":true}]},{"t":428,"s":[{"i":[[0,-6.594],[7.548,0],[0,6.594],[-6.997,0]],"o":[[0,6.594],[-7.549,0],[0,-6.594],[6.997,0]],"v":[[10.996,0],[0,11.939],[-10.996,0],[0,-11.939]],"c":true}]}],"ix":2},"nm":"Path 1","mn":"ADBE Vector Shape - Group","hd":false},{"ty":"fl","c":{"a":0,"k":[0,0,0,1],"ix":4},"o":{"a":0,"k":100,"ix":5},"r":1,"bm":0,"nm":"Fill 1","mn":"ADBE Vector Graphic - Fill","hd":false},{"ty":"tr","p":{"a":0,"k":[311.393,123.528],"ix":2},"a":{"a":0,"k":[0,0],"ix":1},"s":{"a":0,"k":[100,100],"ix":3},"r":{"a":0,"k":0,"ix":6},"o":{"a":0,"k":100,"ix":7},"sk":{"a":0,"k":0,"ix":4},"sa":{"a":0,"k":0,"ix":5},"nm":"Transform"}],"nm":"Group 2","np":2,"cix":2,"bm":0,"ix":2,"mn":"ADBE Vector Group","hd":false}],"ip":0,"op":456,"st":0,"bm":0},{"ddd":0,"ind":2,"ty":4,"nm":"Upper beak Outlines","parent":5,"sr":1,"ks":{"o":{"a":0,"k":100,"ix":11},"r":{"a":0,"k":0,"ix":10},"p":{"a":1,"k":[{"i":{"x":0.666,"y":1},"o":{"x":0.459,"y":0},"t":0,"s":[256,143.783,0],"to":[0,0,0],"ti":[0,0,0]},{"i":{"x":1,"y":1},"o":{"x":0.333,"y":0},"t":96,"s":[256,94.393,0],"to":[0,0,0],"ti":[0,0,0]},{"i":{"x":0.707,"y":1},"o":{"x":0.579,"y":0},"t":264,"s":[256,102.183,0],"to":[0,0,0],"ti":[0,0,0]},{"i":{"x":0.667,"y":1},"o":{"x":0.372,"y":0},"t":408,"s":[256,152.431,0],"to":[0,0,0],"ti":[0,0,0]},{"t":455,"s":[256,143.783,0]}],"ix":2},"a":{"a":0,"k":[256,143.783,0],"ix":1},"s":{"a":0,"k":[100,100,100],"ix":6}},"ao":0,"shapes":[{"ty":"gr","it":[{"ind":0,"ty":"sh","ix":1,"ks":{"a":1,"k":[{"i":{"x":0.623,"y":1},"o":{"x":0.321,"y":0},"t":0,"s":[{"i":[[6.004,4.022],[23.853,0],[6.004,-4.022],[0,-25.355],[-29.057,0],[0,12.065]],"o":[[-6.004,-4.022],[-23.853,0],[-6.003,4.022],[0,12.065],[29.058,0],[0,-25.355]],"v":[[38.572,-12.852],[0,-31.038],[-38.572,-12.852],[-78.467,18.973],[0,27.489],[78.467,18.973]],"c":true}]},{"i":{"x":0.759,"y":1},"o":{"x":0.333,"y":0},"t":96,"s":[{"i":[[6.004,4.022],[21.25,0.249],[6.004,-4.022],[0,-25.355],[-52.5,0.281],[-29.217,-2.201]],"o":[[-6.004,-4.022],[-21.25,-0.249],[-6.003,4.022],[32.217,-2.687],[52.5,-0.281],[0,-25.355]],"v":[[32.822,-21.18],[0,-35.407],[-32.572,-21.59],[-78.467,18.973],[0,-2.608],[78.467,18.973]],"c":true}]},{"i":{"x":0.693,"y":1},"o":{"x":0.333,"y":0},"t":256,"s":[{"i":[[6.004,4.022],[21.25,0.249],[6.004,-4.022],[0,-25.355],[-52.5,0.281],[-29.217,-2.201]],"o":[[-6.004,-4.022],[-21.25,-0.249],[-6.003,4.022],[32.217,-2.687],[52.5,-0.281],[0,-25.355]],"v":[[32.822,-21.18],[0,-35.407],[-32.572,-21.59],[-78.467,18.973],[0,-2.608],[78.467,18.973]],"c":true}]},{"i":{"x":0.676,"y":1},"o":{"x":0.327,"y":0},"t":277,"s":[{"i":[[6.004,4.022],[21.346,0.24],[6.004,-4.022],[0,-25.355],[-28.5,-1.519],[-65.467,-0.976]],"o":[[-6.004,-4.022],[-21.346,-0.24],[-6.003,4.022],[64.467,-0.976],[28.5,1.518],[0,-25.355]],"v":[[33.033,-20.874],[0,-35.246],[-32.792,-21.269],[-78.467,18.973],[0,-1.502],[78.467,18.973]],"c":true}]},{"i":{"x":0.667,"y":1},"o":{"x":0.361,"y":0},"t":408,"s":[{"i":[[6.004,4.022],[25.5,0.11],[6.004,-4.022],[0,-25.355],[-28.981,-0.208],[-33.217,38.149]],"o":[[-6.004,-4.022],[-25.5,-0.11],[-6.003,4.022],[24.467,35.412],[28.982,0.208],[0,-25.355]],"v":[[37.783,-7.976],[0,-28.129],[-37.813,-8.03],[-78.467,18.973],[0,35.47],[78.467,18.973]],"c":true}]},{"t":455,"s":[{"i":[[6.004,4.022],[23.853,0],[6.004,-4.022],[0,-25.355],[-29.057,0],[0,12.065]],"o":[[-6.004,-4.022],[-23.853,0],[-6.003,4.022],[0,12.065],[29.058,0],[0,-25.355]],"v":[[38.572,-12.852],[0,-31.038],[-38.572,-12.852],[-78.467,18.973],[0,27.489],[78.467,18.973]],"c":true}]}],"ix":2},"nm":"Path 1","mn":"ADBE Vector Shape - Group","hd":false},{"ty":"st","c":{"a":0,"k":[0,0,0,1],"ix":3},"o":{"a":0,"k":100,"ix":4},"w":{"a":0,"k":6,"ix":5},"lc":1,"lj":1,"ml":10,"bm":0,"nm":"Stroke 1","mn":"ADBE Vector Graphic - Stroke","hd":false},{"ty":"fl","c":{"a":0,"k":[1,0.788235353956,0.117647066303,1],"ix":4},"o":{"a":0,"k":100,"ix":5},"r":1,"bm":0,"nm":"Fill 1","mn":"ADBE Vector Graphic - Fill","hd":false},{"ty":"tr","p":{"a":0,"k":[256,174.821],"ix":2},"a":{"a":0,"k":[0,0],"ix":1},"s":{"a":0,"k":[100,100],"ix":3},"r":{"a":0,"k":0,"ix":6},"o":{"a":0,"k":100,"ix":7},"sk":{"a":0,"k":0,"ix":4},"sa":{"a":0,"k":0,"ix":5},"nm":"Transform"}],"nm":"Group 1","np":3,"cix":2,"bm":0,"ix":1,"mn":"ADBE Vector Group","hd":false}],"ip":0,"op":456,"st":0,"bm":0},{"ddd":0,"ind":3,"ty":4,"nm":"Under beak Outlines","parent":5,"sr":1,"ks":{"o":{"a":0,"k":100,"ix":11},"r":{"a":0,"k":0,"ix":10},"p":{"a":1,"k":[{"i":{"x":0.666,"y":1},"o":{"x":0.459,"y":0},"t":0,"s":[256,190.646,0],"to":[0,0,0],"ti":[0,0,0]},{"i":{"x":0.667,"y":1},"o":{"x":0.333,"y":0},"t":96,"s":[256,141.257,0],"to":[0,0,0],"ti":[0,0,0]},{"i":{"x":0.742,"y":1},"o":{"x":0.557,"y":0},"t":264,"s":[256,149.046,0],"to":[0,0,0],"ti":[0,0,0]},{"i":{"x":0.667,"y":1},"o":{"x":0.333,"y":0},"t":408,"s":[256,198.294,0],"to":[0,0,0],"ti":[0,0,0]},{"t":455,"s":[256,190.646,0]}],"ix":2},"a":{"a":0,"k":[256,190.646,0],"ix":1},"s":{"a":0,"k":[100,100,100],"ix":6}},"ao":0,"shapes":[{"ty":"gr","it":[{"ind":0,"ty":"sh","ix":1,"ks":{"a":1,"k":[{"i":{"x":0.635,"y":1},"o":{"x":0.304,"y":0},"t":0,"s":[{"i":[[-31.374,0],[0,-14.83],[25.516,-1.413],[9.296,0],[27.372,1.515],[0,14.83]],"o":[[31.374,0],[0,14.83],[-27.372,1.515],[-9.296,0],[-25.516,-1.413],[0,-14.83]],"v":[[0,-10.816],[78.073,-6.062],[35.796,19.377],[0,20.834],[-35.796,19.377],[-78.073,-6.062]],"c":true}]},{"i":{"x":0.667,"y":1},"o":{"x":0.333,"y":0},"t":96,"s":[{"i":[[-31.374,0],[0,-14.83],[25.546,0.683],[9.296,0],[14.75,0.365],[0,14.83]],"o":[[31.374,0],[0,14.83],[-13.592,-0.363],[-9.296,0],[-25.547,-0.632],[0,-14.83]],"v":[[0,-36.787],[78.073,-6.062],[35.842,12.338],[0,12.339],[-35.75,12.338],[-78.073,-6.062]],"c":true}]},{"i":{"x":0.693,"y":1},"o":{"x":0.333,"y":0},"t":256,"s":[{"i":[[-31.374,0],[0,-14.83],[25.546,0.683],[9.296,0],[14.75,0.365],[0,14.83]],"o":[[31.374,0],[0,14.83],[-13.592,-0.363],[-9.296,0],[-25.547,-0.632],[0,-14.83]],"v":[[0,-36.787],[78.073,-6.062],[35.842,12.338],[0,12.339],[-35.75,12.338],[-78.073,-6.062]],"c":true}]},{"i":{"x":0.647,"y":1},"o":{"x":0.361,"y":0},"t":277,"s":[{"i":[[-31.374,0],[0,-14.83],[25.545,0.606],[9.296,0],[15.214,0.407],[0,14.83]],"o":[[31.374,0],[0,14.83],[-14.681,0.141],[-9.296,0],[-25.546,-0.661],[0,-14.83]],"v":[[0,-14.45],[78.073,-6.062],[35.681,18.914],[-0.069,19.454],[-35.911,18.914],[-78.073,-6.062]],"c":true}]},{"i":{"x":0.667,"y":1},"o":{"x":0.372,"y":0},"t":408,"s":[{"i":[[-30.54,0.155],[-49.073,-2.529],[18.914,-9.893],[9.296,0],[15.822,8.156],[0,14.83]],"o":[[30.54,-0.155],[0,14.83],[-17.02,8.903],[-9.296,0],[-22.098,-11.391],[42.823,-3.276]],"v":[[-0.04,27.649],[78.073,-6.062],[50.77,33.994],[-0.079,44.28],[-50.572,33.994],[-78.073,-6.062]],"c":true}]},{"t":455,"s":[{"i":[[-31.374,0],[0,-14.83],[25.516,-1.413],[9.296,0],[27.372,1.515],[0,14.83]],"o":[[31.374,0],[0,14.83],[-27.372,1.515],[-9.296,0],[-25.516,-1.413],[0,-14.83]],"v":[[0,-10.816],[78.073,-6.062],[35.796,19.377],[0,20.834],[-35.796,19.377],[-78.073,-6.062]],"c":true}]}],"ix":2},"nm":"Path 1","mn":"ADBE Vector Shape - Group","hd":false},{"ty":"st","c":{"a":0,"k":[0,0,0,1],"ix":3},"o":{"a":0,"k":100,"ix":4},"w":{"a":0,"k":6,"ix":5},"lc":1,"lj":1,"ml":10,"bm":0,"nm":"Stroke 1","mn":"ADBE Vector Graphic - Stroke","hd":false},{"ty":"fl","c":{"a":0,"k":[1,0.788235353956,0.117647066303,1],"ix":4},"o":{"a":0,"k":100,"ix":5},"r":1,"bm":0,"nm":"Fill 1","mn":"ADBE Vector Graphic - Fill","hd":false},{"ty":"tr","p":{"a":0,"k":[256,201.462],"ix":2},"a":{"a":0,"k":[0,0],"ix":1},"s":{"a":0,"k":[100,100],"ix":3},"r":{"a":0,"k":0,"ix":6},"o":{"a":0,"k":100,"ix":7},"sk":{"a":0,"k":0,"ix":4},"sa":{"a":0,"k":0,"ix":5},"nm":"Transform"}],"nm":"Group 1","np":3,"cix":2,"bm":0,"ix":1,"mn":"ADBE Vector Group","hd":false}],"ip":0,"op":456,"st":0,"bm":0},{"ddd":0,"ind":4,"ty":4,"nm":"Shape Layer 1","parent":3,"sr":1,"ks":{"o":{"a":0,"k":100,"ix":11},"r":{"a":0,"k":0,"ix":10},"p":{"a":1,"k":[{"i":{"x":0.833,"y":0.833},"o":{"x":0.167,"y":0.167},"t":264,"s":[256,256.056,0],"to":[0,0,0],"ti":[0,0,0]},{"i":{"x":0.833,"y":0.833},"o":{"x":0.167,"y":0.167},"t":408,"s":[256,281.349,0],"to":[0,0,0],"ti":[0,0,0]},{"t":428,"s":[256,270.056,0]}],"ix":2},"a":{"a":0,"k":[0,0,0],"ix":1},"s":{"a":0,"k":[100,97.087,100],"ix":6}},"ao":0,"shapes":[{"ty":"gr","it":[{"ind":0,"ty":"sh","ix":1,"ks":{"a":0,"k":{"i":[[31,0.006],[8.5,-8.844],[-2.5,-7.554],[-51.25,-0.182],[-1,11.241],[9.75,6.779]],"o":[[-31,-0.006],[-8.5,8.844],[2.5,7.554],[51.25,0.182],[1,-11.241],[-9.75,-6.779]],"v":[[-1,-103],[-58.5,-87.684],[-55.5,-66.592],[3,-51],[60.5,-66.829],[54.25,-90.057]],"c":true},"ix":2},"nm":"Path 1","mn":"ADBE Vector Shape - Group","hd":false},{"ty":"fl","c":{"a":0,"k":[0.878431372549,0.537393308153,0,1],"ix":4},"o":{"a":0,"k":100,"ix":5},"r":1,"bm":0,"nm":"Fill 1","mn":"ADBE Vector Graphic - Fill","hd":false},{"ty":"tr","p":{"a":0,"k":[0,0],"ix":2},"a":{"a":0,"k":[0,0],"ix":1},"s":{"a":0,"k":[100,100],"ix":3},"r":{"a":0,"k":0,"ix":6},"o":{"a":0,"k":100,"ix":7},"sk":{"a":0,"k":0,"ix":4},"sa":{"a":0,"k":0,"ix":5},"nm":"Transform"}],"nm":"Shape 1","np":3,"cix":2,"bm":0,"ix":1,"mn":"ADBE Vector Group","hd":false}],"ip":0,"op":456,"st":0,"bm":0},{"ddd":0,"ind":5,"ty":4,"nm":"Body Outlines","sr":1,"ks":{"o":{"a":0,"k":100,"ix":11},"r":{"a":0,"k":0,"ix":10},"p":{"a":0,"k":[256,512,0],"ix":2},"a":{"a":0,"k":[256,463,0],"ix":1},"s":{"a":1,"k":[{"i":{"x":[0.667,0.667,0.667],"y":[1,0.646,1]},"o":{"x":[0.333,0.333,0.333],"y":[0,0,0]},"t":0,"s":[100,100,100]},{"i":{"x":[0.667,0.667,0.667],"y":[1,1.154,1]},"o":{"x":[0.333,0.333,0.333],"y":[0,0.707,0]},"t":96,"s":[100,102.694,100]},{"i":{"x":[0.667,0.667,0.667],"y":[1,1,1]},"o":{"x":[0.333,0.333,0.333],"y":[0,0.162,0]},"t":189,"s":[101,104,100]},{"i":{"x":[0.667,0.667,0.667],"y":[1,1,1]},"o":{"x":[0.333,0.333,0.333],"y":[0,0,0]},"t":264,"s":[100,103,100]},{"t":455,"s":[100,100,100]}],"ix":6}},"ao":0,"shapes":[{"ty":"gr","it":[{"ind":0,"ty":"sh","ix":1,"ks":{"a":1,"k":[{"i":{"x":0.536,"y":1},"o":{"x":0.472,"y":0},"t":0,"s":[{"i":[[-42.287,-103.27],[0,0],[-14.957,15.29],[-1.117,43.82],[0,42.67],[-24.628,23.04],[-24.282,0],[-24.627,-23.04],[-1.68,-42.637],[-2.992,-62.569],[-20.965,-21.44]],"o":[[0,0],[42.287,-103.27],[20.965,-21.44],[1.596,-62.62],[0,-42.67],[24.637,-23.04],[24.281,0],[24.638,23.04],[1.91,48.46],[2,41.82],[14.957,15.29]],"v":[[280.161,289.825],[-280.161,289.825],[-147.972,72.015],[-99.883,-29.095],[-118.091,-162.735],[-80.882,-262.105],[0.001,-289.825],[80.881,-262.105],[118.09,-162.735],[99,-29.095],[146.117,72.015]],"c":true}]},{"i":{"x":0.667,"y":1},"o":{"x":0.167,"y":0},"t":96,"s":[{"i":[[-42.287,-103.27],[0,0],[-86.266,92.457],[-5.532,45.979],[3.066,42.56],[-24.632,23.035],[-24.282,0],[-24.632,-23.034],[1.681,-44.521],[-9.761,-71.26],[-21.618,-20.781]],"o":[[0,0],[42.287,-103.27],[20.457,-21.925],[8.592,-71.411],[-3.138,-43.55],[24.637,-23.04],[24.281,0],[24.638,23.04],[-1.61,42.64],[5.585,40.774],[92.645,89.06]],"v":[[280.161,289.825],[-280.161,289.825],[-206.234,83.782],[-106.468,-52.264],[-118.334,-182.152],[-84.707,-286.19],[0.032,-315.286],[84.056,-286.19],[117.847,-182.152],[106.415,-51.913],[194.855,74.559]],"c":true}]},{"i":{"x":0.833,"y":1},"o":{"x":0.333,"y":0},"t":264,"s":[{"i":[[-42.287,-103.27],[0,0],[-86.266,92.457],[-10.532,78.989],[3.066,42.56],[-24.628,23.04],[-24.282,0],[-24.627,-23.04],[1.681,-44.521],[-9.147,-71.342],[-21.618,-20.781]],"o":[[0,0],[42.287,-103.27],[20.457,-21.925],[9.506,-71.295],[-3.138,-43.55],[24.637,-23.04],[24.281,0],[24.638,23.04],[-1.61,42.64],[9.585,74.755],[92.645,89.06]],"v":[[280.161,289.825],[-280.161,289.825],[-206.234,83.782],[-106.468,-47.409],[-118.334,-177.298],[-84.707,-279.394],[0.032,-308.49],[84.056,-279.394],[117.847,-177.298],[106.415,-47.059],[194.855,74.559]],"c":true}]},{"i":{"x":0.667,"y":1},"o":{"x":0.167,"y":0},"t":408,"s":[{"i":[[-42.287,-103.27],[0,0],[-25.786,27.008],[1.814,66.943],[0.466,42.653],[-24.585,21.64],[-24.282,0],[-25.332,-22.262],[0.255,-42.951],[2.805,-54.557],[-21.064,-21.34]],"o":[[0,0],[42.287,-103.27],[20.888,-21.514],[-1.561,-57.596],[-0.477,-42.804],[25.112,-22.104],[24.281,0],[28.589,25.124],[-0.245,42.665],[-3.204,62.308],[26.754,26.492]],"v":[[280.161,289.825],[-280.161,289.825],[-156.033,91.613],[-100.814,-30.805],[-118.542,-143.544],[-79.915,-247.807],[-0.447,-273.745],[78.911,-249.301],[117.639,-143.544],[100.195,-30.752],[154.305,90.212]],"c":true}]},{"t":455,"s":[{"i":[[-42.287,-103.27],[0,0],[-14.957,15.29],[-1.117,43.82],[0,42.67],[-24.628,23.04],[-24.282,0],[-24.627,-23.04],[-1.68,-42.637],[-2.992,-62.569],[-20.965,-21.44]],"o":[[0,0],[42.287,-103.27],[20.965,-21.44],[1.596,-62.62],[0,-42.67],[24.637,-23.04],[24.281,0],[24.638,23.04],[1.91,48.46],[2,41.82],[14.957,15.29]],"v":[[280.161,289.825],[-280.161,289.825],[-147.972,72.015],[-99.883,-29.095],[-118.091,-162.735],[-80.882,-262.105],[0.001,-289.825],[80.881,-262.105],[118.09,-162.735],[99,-29.095],[146.117,72.015]],"c":true}]}],"ix":2},"nm":"Path 1","mn":"ADBE Vector Shape - Group","hd":false},{"ty":"st","c":{"a":0,"k":[0,0,0,1],"ix":3},"o":{"a":0,"k":100,"ix":4},"w":{"a":0,"k":6,"ix":5},"lc":1,"lj":1,"ml":10,"bm":0,"nm":"Stroke 1","mn":"ADBE Vector Graphic - Stroke","hd":false},{"ty":"tr","p":{"a":0,"k":[256,336.275],"ix":2},"a":{"a":0,"k":[0,0],"ix":1},"s":{"a":0,"k":[100,100],"ix":3},"r":{"a":0,"k":0,"ix":6},"o":{"a":0,"k":100,"ix":7},"sk":{"a":0,"k":0,"ix":4},"sa":{"a":0,"k":0,"ix":5},"nm":"Transform"}],"nm":"Group 1","np":2,"cix":2,"bm":0,"ix":1,"mn":"ADBE Vector Group","hd":false},{"ty":"fl","c":{"a":0,"k":[1,1,1,1],"ix":4},"o":{"a":0,"k":100,"ix":5},"r":1,"bm":0,"nm":"Fill 1","mn":"ADBE Vector Graphic - Fill","hd":false}],"ip":0,"op":456,"st":0,"bm":0}],"markers":[]}